city,cloudiness,country,date,humidity,lats,lngs,maxtemp,windspeed
Faanui,0,PF,08/24/2019,65,-16.48,-151.75,78.42,7.45
Klaksvik,34,FO,08/24/2019,93,62.23,-6.59,51.8,3.36
Carnarvon,0,ZA,08/24/2019,28,-30.97,22.13,52.37,7.56
Mweka,35,CD,08/24/2019,33,-4.85,21.56,71.99,3.02
New Norfolk,75,AU,08/24/2019,50,-42.78,147.06,52,11.41
Port Elizabeth,20,US,08/24/2019,87,39.31,-74.98,72,3.4
Saint-Philippe,1,CA,08/24/2019,93,45.36,-73.48,64.99,5.82
Aqtobe,0,KZ,08/24/2019,54,50.28,57.21,55.4,4.47
Arraial do Cabo,86,BR,08/24/2019,81,-22.97,-42.02,66.9,4.76
Lavrentiya,61,RU,08/24/2019,51,65.58,-170.99,58.89,9.6
Vaini,40,IN,08/24/2019,94,15.34,74.49,69.8,4.7
Karratha,10,AU,08/24/2019,15,-20.74,116.85,84.75,1.77
Hermanus,1,ZA,08/24/2019,85,-34.42,19.24,55.99,7
Avarua,88,CK,08/24/2019,74,-21.21,-159.78,78.8,11.41
Cape Town,40,ZA,08/24/2019,93,-33.93,18.42,57.99,10.29
Palora,69,EC,08/24/2019,73,-1.7,-77.97,62.54,3.74
Rikitea,64,PF,08/24/2019,69,-23.12,-134.97,70.25,21.27
Butaritari,81,KI,08/24/2019,68,3.07,172.79,84.92,6.91
Chokurdakh,100,RU,08/24/2019,85,70.62,147.9,56.82,4.34
Mataura,100,NZ,08/24/2019,96,-46.19,168.86,48,4
Esperance,100,AU,08/24/2019,66,-33.86,121.89,51.8,8.05
Shenjiamen,100,CN,08/24/2019,83,29.96,122.3,83.71,17.96
East London,0,ZA,08/24/2019,36,-33.02,27.91,60.31,4.47
Timmins,40,CA,08/24/2019,76,48.48,-81.33,53.6,4.43
Ushuaia,40,AR,08/24/2019,70,-54.81,-68.31,42.8,3.36
Kodiak,90,US,08/24/2019,73,39.95,-94.76,70,10.29
Ribeira Grande,5,PT,08/24/2019,79,38.52,-28.7,69.51,15.35
Trelew,67,AR,08/24/2019,53,-43.25,-65.31,54.44,18.05
Busselton,0,AU,08/24/2019,43,-33.64,115.35,62.01,8.3
Sivas,40,TR,08/24/2019,93,39.75,37.01,52,2.24
Muncar,63,ID,08/24/2019,60,-8.43,114.34,80.79,5.59
Atuona,0,PF,08/24/2019,70,-9.8,-139.03,79.43,13.13
Kropotkin,75,RU,08/24/2019,39,45.43,40.58,82,8.43
Ponta Delgada,75,PT,08/24/2019,94,37.73,-25.67,71.01,12.75
Cidreira,35,BR,08/24/2019,74,-30.17,-50.22,57.21,12.03
Maun,0,BW,08/24/2019,26,-19.99,23.42,57.2,9.17
Bethel,75,US,08/24/2019,48,60.79,-161.76,62.6,6.93
Hilo,90,US,08/24/2019,66,19.71,-155.08,84.2,8.05
Sakaiminato,75,JP,08/24/2019,65,35.55,133.23,80.6,9.17
Tallahassee,75,US,08/24/2019,74,30.44,-84.28,84.99,4.7
Batagay,92,RU,08/24/2019,58,67.65,134.64,62.94,5.3
Jamestown,90,AU,08/24/2019,58,-33.21,138.6,49.51,7.43
San Patricio,0,PY,08/24/2019,74,-26.98,-56.83,57.21,5.68
Upernavik,100,GL,08/24/2019,68,72.79,-56.15,43.03,9.98
Saldanha,75,PT,08/24/2019,46,41.42,-6.55,67.1,2.28
Kosonsoy,0,UZ,08/24/2019,43,41.25,71.55,69.8,2.24
Khatanga,20,RU,08/24/2019,70,71.98,102.47,59.45,7.45
Lasa,40,CY,08/24/2019,73,34.92,32.53,80.6,6.93
Dzhebariki-Khaya,67,RU,08/24/2019,74,62.22,135.8,65.44,4.61
Tiksi,94,RU,08/24/2019,88,71.64,128.87,49.02,13.35
Koulamoutou,100,GA,08/24/2019,96,-1.13,12.47,69.24,1.36
Paamiut,0,GL,08/24/2019,85,61.99,-49.67,41.88,20.62
Torbay,75,CA,08/24/2019,70,47.66,-52.73,53.01,12.75
Namtsy,20,RU,08/24/2019,82,62.72,129.66,60.8,4.47
Puerto Ayora,89,EC,08/24/2019,91,-0.74,-90.35,70,5.01
Lovozero,100,RU,08/24/2019,92,68.01,35.02,41.63,5.37
Vanimo,99,PG,08/24/2019,72,-2.67,141.3,83.01,8.46
Qaqortoq,0,GL,08/24/2019,29,60.72,-46.03,51.8,20.8
Yichun,78,CN,08/24/2019,66,47.72,128.88,70.17,3.42
Souillac,75,FR,08/24/2019,93,45.6,-0.6,66.2,11.41
Ancud,20,CL,08/24/2019,93,-41.87,-73.83,44.6,4.7
Masunga,0,BW,08/24/2019,67,-20.62,27.45,50.82,7.74
Poum,0,MK,08/24/2019,68,41.28,20.71,59.37,4.09
Suntar,74,RU,08/24/2019,64,62.16,117.65,65.51,4.61
Tumut,0,AU,08/24/2019,48,-35.3,148.22,52.35,6.44
Yaan,99,NG,08/24/2019,97,7.38,8.57,71.13,4.21
Dutse,100,NG,08/24/2019,83,11.76,9.34,72.35,11.03
Bilma,10,NE,08/24/2019,55,18.69,12.92,84.75,3.85
Christchurch,1,NZ,08/24/2019,39,-43.53,172.64,64.99,10.29
Mahebourg,75,MU,08/24/2019,88,-20.41,57.7,69.8,14.99
Albany,75,US,08/24/2019,63,42.65,-73.75,66.99,8.05
Kingisepp,43,RU,08/24/2019,95,59.38,28.61,51.36,2.35
Kinwat,100,IN,08/24/2019,86,19.62,78.2,75.36,9.64
Lorengau,100,PG,08/24/2019,74,-2.02,147.27,84.3,11.83
Petropavlovsk-Kamchatskiy,90,RU,08/24/2019,100,53.05,158.65,50,6.71
Alta,94,NO,08/24/2019,81,69.97,23.27,42.8,12.75
Vila Franca do Campo,75,PT,08/24/2019,94,37.72,-25.43,71.01,12.75
Eydhafushi,98,MV,08/24/2019,77,5.1,73.07,82,13.96
Punta Arenas,0,CL,08/24/2019,86,-53.16,-70.91,41,14.99
Dingle,100,PH,08/24/2019,70,11,122.67,85.87,6.87
Sakaraha,0,MG,08/24/2019,74,-22.91,44.53,57.47,4.94
Qaanaaq,100,GL,08/24/2019,76,77.48,-69.36,35.52,12.73
Tura,56,RU,08/24/2019,46,64.27,100.22,66.09,7.34
Tecoanapa,75,MX,08/24/2019,79,16.99,-99.26,86,3.36
Dordrecht,89,NL,08/24/2019,100,51.8,4.68,66,1.12
Arcata,1,US,08/24/2019,77,40.87,-124.08,63,5.82
Hithadhoo,100,MV,08/24/2019,72,-0.6,73.08,82.49,11.27
Banjar,76,ID,08/24/2019,63,-7.37,108.54,79.73,4.74
Anori,13,BR,08/24/2019,89,-3.74,-61.66,74.28,1.36
Chumikan,100,RU,08/24/2019,83,54.72,135.31,51.58,5.3
Labuhan,98,ID,08/24/2019,39,-2.54,115.51,96.22,1.57
Camargo,46,MX,08/24/2019,53,27.69,-105.17,76.44,11.83
Biak,97,ID,08/24/2019,83,-0.91,122.88,69.45,5.64
Macenta,100,GN,08/24/2019,99,8.55,-9.47,67.42,2.71
The Valley,20,AI,08/24/2019,79,18.22,-63.06,84.2,13.87
Nikolskoye,29,RU,08/24/2019,93,59.7,30.79,55,2.24
Neryungri,41,RU,08/24/2019,46,56.66,124.71,73.09,6.04
Tasiilaq,100,GL,08/24/2019,75,65.61,-37.64,44.6,16.11
Avera,90,US,08/24/2019,83,33.19,-82.53,77,8.05
Port Lincoln,90,AU,08/24/2019,74,-34.72,135.86,52.37,12.15
Bluff,4,AU,08/24/2019,40,-23.58,149.07,72.46,2.98
Bongandanga,100,CD,08/24/2019,99,1.51,21.07,68.9,4.23
Methoni,0,GR,08/24/2019,77,36.82,21.7,79,2.24
Santa Isabel do Rio Negro,7,BR,08/24/2019,87,-0.41,-65.02,74.84,2.48
Sept-Iles,5,CA,08/24/2019,71,50.2,-66.38,55.99,8.05
Pevek,26,RU,08/24/2019,73,69.7,170.27,44.79,8.03
Waipawa,0,NZ,08/24/2019,70,-39.94,176.59,57,10
Bintulu,75,MY,08/24/2019,88,3.17,113.03,82.4,5.82
Geraldton,75,CA,08/24/2019,67,49.72,-86.95,59,9.17
Hasaki,20,JP,08/24/2019,65,35.73,140.83,86,8.05
Nsoko,0,ZA,08/24/2019,15,-27.07,31.93,55,6.2
Caravelas,66,BR,08/24/2019,83,-17.73,-39.27,70.41,8.08
Maragogi,33,BR,08/24/2019,96,-9.01,-35.22,68.9,2.3
Mutsu,75,JP,08/24/2019,68,41.29,141.2,75.99,10.29
Gamba,0,CN,08/24/2019,52,28.28,88.52,46.56,4.41
Kangaba,100,ML,08/24/2019,98,11.94,-8.41,69.9,3.85
Seoul,20,KR,08/24/2019,65,37.57,126.98,82.4,2.24
Kavieng,83,PG,08/24/2019,77,-2.57,150.8,82.58,12.77
Itarema,1,BR,08/24/2019,85,-2.92,-39.92,74.87,9.6
Codrington,6,AU,08/24/2019,38,-28.95,153.24,77,8.05
Longyearbyen,75,NO,08/24/2019,80,78.22,15.63,39.2,6.93
Nizhniy Ingash,100,RU,08/24/2019,97,56.2,96.53,55.68,7.58
Guadalupe y Calvo,30,MX,08/24/2019,91,26.09,-106.96,57.21,3
Saint George,0,GR,08/24/2019,68,39.45,22.34,79,2.42
Moree,40,AU,08/24/2019,33,-29.46,149.84,73,8.05
Luderitz,0,NA,08/24/2019,18,-26.65,15.16,71.6,2.24
Kaka,0,TM,08/24/2019,14,37.35,59.62,78.72,2.35
Prince Rupert,40,CA,08/24/2019,93,54.32,-130.32,57.2,4.7
Dudinka,75,RU,08/24/2019,93,69.41,86.18,55.4,8.95
Bemidji,1,US,08/24/2019,72,47.48,-94.89,64.99,9.17
Aquiraz,40,BR,08/24/2019,83,-3.9,-38.39,79,14.99
Katherine,88,AU,08/24/2019,32,-14.47,132.26,82.4,8.05
Georgetown,20,GY,08/24/2019,78,6.8,-58.16,82.4,9.17
Srednekolymsk,100,RU,08/24/2019,72,67.46,153.71,63.28,6.69
Tuktoyaktuk,90,CA,08/24/2019,93,69.44,-133.03,42.8,20.8
Kamaishi,75,JP,08/24/2019,65,39.28,141.86,77,5.82
Hudiksvall,100,SE,08/24/2019,83,61.73,17.1,52.79,2.86
Victoria,75,BN,08/24/2019,78,5.28,115.24,84.2,3.36
Kapaa,90,US,08/24/2019,66,22.08,-159.32,89.6,13.87
Buala,100,SB,08/24/2019,89,-8.15,159.59,76.13,8.41
Soe,0,EE,08/24/2019,93,57.91,26.05,51.01,4.7
Khvoynaya,5,RU,08/24/2019,98,58.9,34.53,48.99,5.61
Fort Nelson,75,CA,08/24/2019,42,58.81,-122.69,68,2.24
Okhotsk,100,RU,08/24/2019,78,59.36,143.24,57.7,11.14
Laguna,20,BZ,08/24/2019,83,16.17,-88.94,82.4,2.91
Kahului,90,US,08/24/2019,69,20.89,-156.47,89.6,6.93
Virginia Beach,90,US,08/24/2019,83,36.85,-75.98,73.99,11.41
Rovaniemi,0,FI,08/24/2019,87,66.5,25.72,46.4,6.93
Dikson,100,RU,08/24/2019,96,73.51,80.55,40.73,12.88
Nantucket,1,US,08/24/2019,82,41.28,-70.1,66.99,10.29
Zhigansk,5,RU,08/24/2019,45,66.77,123.37,65.69,6.4
Ponta do Sol,0,BR,08/24/2019,65,-20.63,-46,58.28,5.73
Wewak,7,PG,08/24/2019,67,-3.55,143.63,83.6,6.93
Takoradi,100,GH,08/24/2019,91,4.89,-1.75,73.16,4.09
Vardo,1,US,08/24/2019,67,39.62,-77.74,66,3.36
Praia da Vitoria,20,PT,08/24/2019,77,38.73,-27.07,69.8,15.61
Haines Junction,100,CA,08/24/2019,81,60.75,-137.51,44.36,3.18
Port Alfred,0,ZA,08/24/2019,58,-33.59,26.89,62.01,3
Wanning,96,AT,08/24/2019,88,48.64,13.53,66,2.24
Hobart,75,AU,08/24/2019,50,-42.88,147.33,52,11.41
Richards Bay,0,ZA,08/24/2019,52,-28.77,32.06,69.13,19.95
Rio Cuarto,0,AR,08/24/2019,71,-33.13,-64.35,53.6,5.82
Bambous Virieux,75,MU,08/24/2019,88,-20.34,57.76,69.8,14.99
Turukhansk,97,RU,08/24/2019,78,65.8,87.96,60.18,13.6
Tevaitoa,20,PF,08/24/2019,66,-16.78,-151.5,78.11,6.13
Aklavik,90,CA,08/24/2019,57,68.22,-135.01,50,9.17
Plouzane,90,FR,08/24/2019,100,48.38,-4.62,64,3.36
Norman Wells,75,CA,08/24/2019,66,65.28,-126.83,53.6,9.17
Tymovskoye,98,RU,08/24/2019,82,50.85,142.66,55.63,4.61
Kirovskiy,84,RU,08/24/2019,76,45.09,133.51,66.86,6.42
Vung Tau,82,VN,08/24/2019,72,10.35,107.08,85.35,8.95
Aksarka,100,RU,08/24/2019,66,66.56,67.8,45.46,14.81
Mareeba,90,AU,08/24/2019,65,-16.99,145.42,78.01,11.41
Sola,99,TZ,08/24/2019,57,-3.17,33.8,68.28,8.84
Saskylakh,99,RU,08/24/2019,79,71.97,114.09,55.18,4.97
Deputatskiy,41,RU,08/24/2019,64,69.3,139.9,58.62,9.35
Ruwi,0,OM,08/24/2019,70,23.6,58.55,86,6.93
Chicaman,12,GT,08/24/2019,94,15.4,-90.73,58.51,2.89
Aswan,0,EG,08/24/2019,26,24.09,32.9,84.2,4.7
Waldoboro,90,US,08/24/2019,82,44.1,-69.38,64.4,2.95
Westport,75,US,08/24/2019,72,41.14,-73.36,69.01,2.57
Cherskiy,97,RU,08/24/2019,32,68.75,161.3,69.98,4.05
Thompson,90,CA,08/24/2019,93,55.74,-97.86,66.2,6.93
Grand-Lahou,100,CI,08/24/2019,97,5.24,-5,71.94,3.56
Luanda,40,AO,08/24/2019,100,-8.83,13.24,68,2.24
Ikom,100,NG,08/24/2019,98,5.96,8.72,71.16,1.03
Los Llanos de Aridane,0,ES,08/24/2019,88,28.66,-17.92,86,18.34
Burayevo,71,RU,08/24/2019,82,55.84,55.41,55.99,9.44
Cayenne,0,GF,08/24/2019,94,4.94,-52.33,75.2,2.28
Kaitangata,100,NZ,08/24/2019,65,-46.28,169.85,53.01,11.01
Fortuna,1,US,08/24/2019,77,40.6,-124.16,63,11.41
Portland,75,US,08/24/2019,77,43.66,-70.25,66,2.84
Sao Filipe,48,CV,08/24/2019,85,14.9,-24.5,78.65,13.8
Airai,0,TL,08/24/2019,47,-8.93,125.41,82.29,6.2
Kruisfontein,0,ZA,08/24/2019,63,-34,24.73,52.12,5.73
Tshela,83,CD,08/24/2019,87,-4.99,12.94,67.8,0.18
Sinnamary,1,GF,08/24/2019,71,5.38,-52.96,82.38,7.05
Bacolod,100,PH,08/24/2019,79,10.68,122.95,82.2,4.79
Jiuquan,56,CN,08/24/2019,25,39.73,98.49,74.1,2.08
Camacha,40,PT,08/24/2019,78,33.08,-16.33,71.6,11.41
Kaspiyskiy,100,RU,08/24/2019,61,45.39,47.37,77.59,6.67
Moindou,75,NC,08/24/2019,47,-21.69,165.68,75.2,9.17
Soeng Sang,40,TH,08/24/2019,88,14.43,102.46,84.99,5.82
Goderich,0,CA,08/24/2019,79,43.74,-81.71,64,5.01
Barrow,68,AR,08/24/2019,79,-38.31,-60.23,53.22,14.47
Shahreza,0,IR,08/24/2019,23,32.01,51.87,58.4,2.75
Urubicha,22,BO,08/24/2019,42,-15.63,-63.08,76.26,2.17
Yazman,0,SY,08/24/2019,35,36.74,38.46,76.47,9.1
Wankaner,70,IN,08/24/2019,10,22.62,70.95,82,10.45
Sestri Levante,0,IT,08/24/2019,65,44.27,9.41,77,5.82
Kloulklubed,90,PW,08/24/2019,88,7.04,134.26,78.8,13.87
San Cristobal,8,HN,08/24/2019,84,14.68,-86.92,68.82,4.54
Umm Lajj,0,SA,08/24/2019,77,25.02,37.27,86.25,10.71
Ambanja,45,MG,08/24/2019,82,-13.68,48.45,76.44,4.41
Sur,0,OM,08/24/2019,43,22.57,59.53,87.54,5.17
Faya,5,SA,08/24/2019,88,18.39,42.45,68,1.16
Houma,98,CN,08/24/2019,78,35.63,111.36,73,9.33
Cloquet,1,US,08/24/2019,82,46.72,-92.46,66.2,5.21
Micheweni,0,TZ,08/24/2019,83,-4.97,39.83,76.01,15.23
Lebu,6,ET,08/24/2019,84,8.96,38.73,51.04,2.89
Yerbogachen,100,RU,08/24/2019,62,61.28,108.01,63.6,5.73
Provideniya,67,RU,08/24/2019,56,64.42,-173.23,55.14,5.61
Anadyr,40,RU,08/24/2019,63,64.73,177.51,64.4,4.47
Nsanje,39,MZ,08/24/2019,97,-16.92,35.26,63.78,2.44
Manbij,0,SY,08/24/2019,37,36.53,37.96,69.8,1.12
Nam Som,40,TH,08/24/2019,83,17.77,102.19,82.4,2.24
Dhidhdhoo,100,MV,08/24/2019,81,6.88,73.1,81.01,15.95
Rio Gallegos,0,AR,08/24/2019,80,-51.62,-69.22,35.6,6.93
Yellowknife,20,CA,08/24/2019,67,62.45,-114.38,60.8,2.24
Guerrero Negro,4,MX,08/24/2019,79,27.97,-114.04,74.66,9.62
Maceio,75,BR,08/24/2019,94,-9.67,-35.74,73.4,3.36
Nerchinsk,0,RU,08/24/2019,59,51.98,116.59,71.13,2.19
Brae,100,GB,08/24/2019,93,60.4,-1.35,57.2,13.87
Port Hawkesbury,1,CA,08/24/2019,76,45.62,-61.36,60.01,5.82
Mitsamiouli,0,KM,08/24/2019,80,-11.38,43.28,77.25,15.19
Iquitos,75,PE,08/24/2019,88,-3.75,-73.25,75.2,2.24
Gobabis,0,NA,08/24/2019,16,-22.45,18.97,59,4.7
Taltal,100,CL,08/24/2019,87,-25.41,-70.49,51.26,3.76
Coffs Harbour,0,AU,08/24/2019,31,-30.3,153.13,79,11.41
Hamilton,20,CA,08/24/2019,67,43.26,-79.87,64.4,2.24
Kosh-Agach,0,RU,08/24/2019,57,49.99,88.66,48.97,2.15
Bundaberg,40,AU,08/24/2019,40,-24.87,152.35,73.99,4.7
Dawlatabad,0,AF,08/24/2019,24,36.41,64.91,74.66,7.29
Lompoc,1,US,08/24/2019,77,34.64,-120.46,75.99,11.41
Ruteng,1,ID,08/24/2019,48,-8.61,120.46,86.27,6.76
Camopi,11,GF,08/24/2019,99,3.17,-52.33,70.8,2.68
Hami,22,CN,08/24/2019,24,42.84,93.51,80.63,14.79
Dubbo,0,AU,08/24/2019,16,-32.25,148.6,69.8,4.7
Sao Jose da Coroa Grande,33,BR,08/24/2019,96,-8.9,-35.15,68.9,2.3
Shingu,40,JP,08/24/2019,78,33.72,135.99,77,8.05
Port Hardy,90,CA,08/24/2019,100,50.7,-127.42,57.2,4.7
Umm Bab,1,QA,08/24/2019,84,25.21,50.81,89.6,3.36
Bay Roberts,75,CA,08/24/2019,70,47.58,-53.28,53.01,12.75
Castro,20,CL,08/24/2019,93,-42.48,-73.76,44.6,4.7
Thinadhoo,100,MV,08/24/2019,72,0.53,72.93,82.67,9.28
Henties Bay,0,NA,08/24/2019,50,-22.12,14.28,66,3
Mar del Plata,43,AR,08/24/2019,69,-46.43,-67.52,45.37,17.72
Bredasdorp,0,ZA,08/24/2019,87,-34.53,20.04,48.2,5.82
Pozoblanco,0,ES,08/24/2019,60,38.38,-4.85,73.4,4.7
Porto Novo,75,BR,08/24/2019,82,-23.68,-45.44,59,8.05
Liverpool,0,GB,08/24/2019,77,53.41,-2.98,68,8.05
Leningradskiy,76,RU,08/24/2019,87,69.38,178.42,42.51,8.25
Atar,19,MR,08/24/2019,45,20.52,-13.05,82.23,10.89
Cabo San Lucas,20,MX,08/24/2019,78,22.89,-109.91,84,3.36
Saint-Francois,0,FR,08/24/2019,93,46.42,3.91,57.2,1.12
Ahipara,91,NZ,08/24/2019,88,-35.17,173.16,62.01,17.92
Acari,63,BR,08/24/2019,68,-6.44,-36.64,74.26,23.94
Te Anau,100,NZ,08/24/2019,87,-45.41,167.72,42.47,6.58
Ladario,100,PT,08/24/2019,88,40.7,-7.74,66.99,1.97
Lima,90,PE,08/24/2019,87,-12.06,-77.04,59,8.05
Hofn,83,IS,08/24/2019,73,64.25,-15.21,38.03,7.61
Hambantota,75,LK,08/24/2019,100,6.12,81.12,78.8,6.93
Ketchikan,40,US,08/24/2019,67,55.34,-131.65,64.4,13.87
Narsaq,0,GL,08/24/2019,29,60.91,-46.05,51.8,20.8
La Ronge,40,CA,08/24/2019,88,55.1,-105.3,62.6,4.7
Marzuq,27,YE,08/24/2019,39,14.4,46.47,78.11,4.74
Pisco,90,PE,08/24/2019,82,-13.71,-76.2,60.8,12.75
Minot,1,US,08/24/2019,69,48.23,-101.3,75.2,11.41
Ulladulla,40,AU,08/24/2019,55,-35.36,150.48,63,13.87
Sukhobuzimskoye,40,RU,08/24/2019,87,56.5,93.28,59,11.18
Dunyapur,40,PK,08/24/2019,70,29.8,71.74,86,6.93
Tezu,0,IN,08/24/2019,53,27.93,96.16,87.35,2.17
Pangnirtung,99,CA,08/24/2019,74,66.15,-65.72,40.87,6.04
Kivsharivka,0,UA,08/24/2019,62,49.63,37.68,58.71,8.37
Mandalgovi,83,MN,08/24/2019,41,45.76,106.27,65.67,16.82
Iqaluit,75,CA,08/24/2019,76,63.75,-68.52,48.2,9.17
Lantawan,75,PH,08/24/2019,66,10.62,123.98,86,6.93
Itapolis,0,BR,08/24/2019,68,-21.6,-48.81,60.67,13.73
Alyangula,100,AU,08/24/2019,48,-13.85,136.42,82.4,9.17
Lazaro Cardenas,75,MX,08/24/2019,54,28.39,-105.62,78.8,9.17
Lipin Bor,99,RU,08/24/2019,94,60.26,37.97,51.17,6.8
Arman,100,RU,08/24/2019,86,59.7,150.17,53.06,4.76
Biltine,100,TD,08/24/2019,76,14.53,20.93,78.49,1.9
Rio Grande,100,BR,08/24/2019,82,-32.03,-52.1,55.99,1.01
Winslow,73,GB,08/24/2019,87,51.94,-0.88,64,4.7
Wufeng,1,CN,08/24/2019,73,27.44,104.87,72.15,5.64
Zaltan,0,LY,08/24/2019,69,32.95,11.87,75.99,9.46
Luba,100,PH,08/24/2019,70,17.32,120.7,85.53,7.61
Kysyl-Syr,11,RU,08/24/2019,66,63.9,122.77,64.56,5.26
Melbu,100,NO,08/24/2019,85,68.5,14.83,51.01,7.85
Sindor,100,RU,08/24/2019,96,62.87,51.9,49.29,8.12
Burnie,58,AU,08/24/2019,44,-41.05,145.91,55,8.01
Bandarbeyla,0,SO,08/24/2019,63,9.49,50.81,78.24,25.72
Poronaysk,60,RU,08/24/2019,63,49.22,143.1,61.61,5.61
Glendive,1,US,08/24/2019,64,47.11,-104.71,78.8,3.36
Nome,1,US,08/24/2019,83,30.04,-94.42,84,5.75
Denizli,0,TR,08/24/2019,60,37.77,29.09,72,5.82
Necochea,34,AR,08/24/2019,79,-38.55,-58.74,48,11.99
Kimbe,99,PG,08/24/2019,61,-5.56,150.15,86.82,8.1
Broken Hill,5,AU,08/24/2019,40,-31.97,141.45,51.8,18.34
Dalby,18,AU,08/24/2019,40,-27.18,151.26,73.99,10.29
Banamba,86,ML,08/24/2019,97,13.55,-7.45,69.27,7.47
Clyde River,98,CA,08/24/2019,65,70.47,-68.59,45.42,3.67
Tel Aviv-Yafo,40,IL,08/24/2019,78,32.08,34.78,78.8,4.7
Ugoofaaru,80,MV,08/24/2019,77,5.67,73,82.22,15.46
Le Port,0,FR,08/24/2019,70,42.87,1.37,66.99,2.93
Yamethin,82,MM,08/24/2019,83,20.43,96.14,79.57,8.16
Nerchinskiy Zavod,0,RU,08/24/2019,52,51.31,119.61,71.87,4.45
Strandby,0,DK,08/24/2019,97,57.49,10.5,57,4.72
Axim,100,GH,08/24/2019,88,4.87,-2.24,75.2,8.5
Shache,99,CN,08/24/2019,25,38.42,77.24,80.56,3.38
Kefamenanu,0,ID,08/24/2019,27,-9.45,124.48,90.32,5.99
Bani,63,YE,08/24/2019,80,16.02,42.93,86.81,7.85
Bowen,6,AU,08/24/2019,60,-20.01,148.25,77,12.75
Pritzwalk,0,DE,08/24/2019,66,53.15,12.18,68,3
Inhambane,0,MZ,08/24/2019,93,-23.87,35.38,56.87,2.53
Eureka,1,US,08/24/2019,77,40.8,-124.16,63,5.82
Hay River,40,CA,08/24/2019,87,60.82,-115.79,55.4,8.05
Lluta,0,PE,08/24/2019,24,-16.02,-72.01,55.4,4.7
Dingzhou,0,CN,08/24/2019,73,38.51,115,73.4,2.24
Roswell,1,US,08/24/2019,26,33.39,-104.52,98.6,12.75
Timbuktu,44,ML,08/24/2019,54,16.77,-3.01,86.99,11.01
Ailigandi,94,PA,08/24/2019,84,9.23,-78.02,82.45,7.05
Pacific Grove,75,US,08/24/2019,72,36.62,-121.92,81,4.7
Teguldet,80,RU,08/24/2019,94,57.31,88.17,59.09,8.16
Yar-Sale,100,RU,08/24/2019,72,66.83,70.83,46.25,19.01
Chuy,100,UY,08/24/2019,82,-33.69,-53.46,53.04,10.87
Zaysan,0,KZ,08/24/2019,39,47.47,84.87,65.66,4.72
Puerto Colombia,75,CO,08/24/2019,78,10.99,-74.96,80.6,6.93
Margate,75,AU,08/24/2019,50,-43.03,147.26,52,11.41
Sheridan,75,US,08/24/2019,30,39.65,-105.03,78.01,8.05
Samarai,99,PG,08/24/2019,87,-10.62,150.67,74.06,7.4
Baykit,58,RU,08/24/2019,48,61.68,96.39,63.14,6.53
Padang,100,ID,08/24/2019,80,-0.92,100.36,80.07,13.11
Atbasar,100,KZ,08/24/2019,73,51.81,68.36,62.94,7.96
Severo-Kurilsk,100,RU,08/24/2019,90,50.68,156.12,48.79,43.66
Namibe,67,AO,08/24/2019,82,-15.19,12.15,67.24,4.97
Santa Fe,100,AR,08/24/2019,66,-31.62,-60.7,60.01,1.99
Tiruchchendur,40,IN,08/24/2019,70,8.48,78.12,84.2,6.93
Yulara,0,AU,08/24/2019,48,-25.24,130.99,62.6,12.75
Raudeberg,100,NO,08/24/2019,77,61.99,5.14,64,23.04
Grand Baie,75,MU,08/24/2019,88,-20.02,57.58,69.8,14.99
Makakilo City,90,US,08/24/2019,58,21.35,-158.09,89.6,14.99
Talcahuano,90,CL,08/24/2019,100,-36.72,-73.12,51.8,5.82
Kragujevac,40,RS,08/24/2019,100,44.01,20.91,68,3.36
Nanortalik,94,GL,08/24/2019,72,60.14,-45.24,42.96,2.21
Loiza,20,PR,08/24/2019,83,18.43,-65.88,82.99,9.17
Nemuro,20,JP,08/24/2019,64,43.32,145.57,69.8,11.41
Galle,97,GN,08/24/2019,98,10.08,-12.83,69.54,3.51
Pundaguitan,100,PH,08/24/2019,73,6.37,126.17,82.65,4.34
Katsuura,75,JP,08/24/2019,54,33.93,134.5,82.99,6.93
Ukiah,1,US,08/24/2019,24,39.15,-123.21,93.2,6.93
Hervey Bay,40,AU,08/24/2019,40,-25.3,152.85,73.99,4.7
Sao Joao da Barra,19,BR,08/24/2019,94,-21.64,-41.05,62.63,3.11
Chegdomyn,15,RU,08/24/2019,55,51.13,133.04,70.48,3.94
Lidzbark Warminski,0,PL,08/24/2019,92,54.13,20.58,57.21,3.94
Talnakh,75,RU,08/24/2019,93,69.49,88.39,55.4,8.95
Zhytomyr,34,UA,08/24/2019,67,50.26,28.67,55.22,5.82
Diego de Almagro,100,CL,08/24/2019,81,-26.39,-70.05,52.44,1.32
Adrar,0,DZ,08/24/2019,16,27.87,-0.29,91.4,8.05
Pochutla,75,MX,08/24/2019,74,15.74,-96.47,84.2,2.13
Lethem,2,GY,08/24/2019,80,3.38,-59.8,77.63,7.25
Kidal,37,ML,08/24/2019,56,18.44,1.41,85.33,6.71
Lagoa,0,PT,08/24/2019,94,37.14,-8.45,73,4.7
Zhezkazgan,0,KZ,08/24/2019,47,47.8,67.71,59,4.47
Alofi,38,NU,08/24/2019,74,-19.06,-169.92,82.4,8.05
Scarborough,90,GB,08/24/2019,100,54.28,-0.41,59,1.12
Bud,100,NO,08/24/2019,77,62.91,6.91,62.6,12.75
Mount Gambier,40,AU,08/24/2019,71,-37.83,140.78,51.8,10.29
Ken Caryl,75,US,08/24/2019,31,39.58,-105.11,77,12.75
Amudat,4,UG,08/24/2019,80,1.95,34.95,64.95,4.47
Lucea,20,JM,08/24/2019,88,18.44,-78.17,80.6,2.24
Grindavik,75,IS,08/24/2019,81,63.84,-22.43,50,8.05
Ferraz de Vasconcelos,75,BR,08/24/2019,93,-23.54,-46.37,59,5.82
Neuquen,0,AR,08/24/2019,76,-38.95,-68.06,53.6,13.89
Kichera,100,RU,08/24/2019,85,55.93,110.1,57.07,7.63
Doka,100,SD,08/24/2019,85,13.52,35.76,71.79,6.69
Nizhnyaya Omka,0,RU,08/24/2019,68,55.43,74.94,60.09,8.5
Pitimbu,20,BR,08/24/2019,100,-7.47,-34.81,73.4,9.17
San Jose de Rio Tinto,0,HN,08/24/2019,97,14.93,-85.7,66.34,2.33
Kodinsk,100,RU,08/24/2019,97,58.6,99.18,53.92,5.3
Taoudenni,70,ML,08/24/2019,40,22.68,-3.98,89.96,6.31
Bambanglipuro,99,ID,08/24/2019,83,-7.95,110.28,74.73,8.14
Sainte-Anne-des-Monts,0,CA,08/24/2019,67,49.13,-66.49,58.8,17.38
Pozo Colorado,0,PY,08/24/2019,44,-23.49,-58.8,71.6,8.05
Comodoro Rivadavia,0,AR,08/24/2019,81,-45.87,-67.48,50,3.36
Diffa,65,NE,08/24/2019,76,13.32,12.61,75.05,9.51
Chitapur,97,IN,08/24/2019,77,17.12,77.08,76.8,12.93
Ust-Maya,71,RU,08/24/2019,58,60.42,134.54,72.03,2.26
Novobiryusinskiy,100,RU,08/24/2019,85,56.96,97.71,55.92,4.27
Fare,20,PF,08/24/2019,66,-16.7,-151.02,78.11,6.13
Ati,100,TD,08/24/2019,84,13.21,18.34,75.97,8.9
Zonguldak,0,TR,08/24/2019,84,41.25,31.83,73.7,5.14
Eisenerz,65,AT,08/24/2019,96,47.54,14.89,64,1.01
Obigarm,0,TJ,08/24/2019,34,38.72,69.71,52.61,0.45
Vestmannaeyjar,100,IS,08/24/2019,86,63.44,-20.27,50.27,6.02
Havoysund,0,NO,08/24/2019,80,71,24.66,39.2,14.99
Jos,100,NG,08/24/2019,96,9.92,8.9,66.63,7.83
Brigantine,1,US,08/24/2019,77,39.41,-74.36,71.01,3.36
Bantou,99,CN,08/24/2019,73,26.22,117.49,80.81,10.25
Bonavista,0,CA,08/24/2019,70,48.65,-53.11,50.57,9.6
Solnechnyy,100,RU,08/24/2019,60,50.72,136.64,67.37,3.33
Isangel,75,VU,08/24/2019,60,-19.55,169.27,71.6,10.29
Uvat,54,RU,08/24/2019,84,59.14,68.9,54.28,6.15
Manggar,91,ID,08/24/2019,61,-2.88,108.27,85.08,8.57
Opuwo,0,NA,08/24/2019,17,-18.06,13.84,53.9,6.22
Vryburg,0,ZA,08/24/2019,26,-26.96,24.73,50.36,7.92
Cairns,90,AU,08/24/2019,65,-16.92,145.77,78.01,11.41
Balti,0,MD,08/24/2019,77,47.76,27.93,66.99,3.36
Miraflores,0,PE,08/24/2019,24,-16.39,-71.52,55.4,4.7
Ecoporanga,4,BR,08/24/2019,93,-18.37,-40.83,62.61,2.71
Saint Anthony,1,US,08/24/2019,27,43.97,-111.68,82.4,6.93
Puerto Cabezas,100,NI,08/24/2019,94,14.04,-83.39,75.75,2.84
Port Moresby,20,PG,08/24/2019,58,-9.47,147.16,82.4,13.87
Sohna,90,IN,08/24/2019,88,28.25,77.07,89.01,4.7
Byron Bay,0,AU,08/24/2019,49,-28.65,153.62,78.01,16.11
Swan Hill,27,AU,08/24/2019,45,-35.34,143.56,55.47,10.04
Gat,20,SN,08/24/2019,78,14.69,-16.54,80.6,8.05
Puerto Penasco,0,MX,08/24/2019,80,31.32,-113.53,84.99,13
Coria,0,ES,08/24/2019,59,39.98,-6.54,66.99,2.57
Rehnan,0,IR,08/24/2019,27,32.68,51.6,53.6,4.7
Berlevag,64,NO,08/24/2019,70,70.86,29.09,44.04,7.11
Tawau,75,MY,08/24/2019,74,4.26,117.89,86,4.7
Phrae,40,TH,08/24/2019,94,18.14,100.15,90,1.39
Vostok,77,RU,08/24/2019,70,46.45,135.83,62.24,6.38
Khammam,100,IN,08/24/2019,81,17.25,80.15,78.87,6.44
Antalaha,53,MG,08/24/2019,98,-14.9,50.28,61.3,3.27
Gladstone,38,AU,08/24/2019,43,-23.84,151.26,71.6,5.82
Lakes Entrance,41,AU,08/24/2019,57,-37.88,147.99,57,8.81
Maracacume,27,BR,08/24/2019,95,-2.04,-45.96,71.2,3.65
Kangaatsiaq,0,GL,08/24/2019,64,68.31,-53.46,43.7,12.68
Gravdal,97,NO,08/24/2019,82,59.79,5.78,66.99,10.29
Niquero,11,CU,08/24/2019,73,20.04,-77.58,85.15,12.41
Teya,5,MX,08/24/2019,62,21.05,-89.07,84.99,5.82
Tilichiki,95,RU,08/24/2019,74,60.47,166.1,58.64,6.71
Morant Bay,20,JM,08/24/2019,66,17.88,-76.41,86,14.99
Ilhabela,100,BR,08/24/2019,74,-23.78,-45.36,66.45,9.8
Dunmore Town,100,BS,08/24/2019,80,25.5,-76.65,84.05,16.82
Huntsville,40,US,08/24/2019,83,34.73,-86.59,79,3.36
Touros,75,BR,08/24/2019,94,-5.2,-35.46,75.2,4.7
Zaozerne,0,UA,08/24/2019,80,51.37,23.94,55.81,5.12
Riyadh,0,SA,08/24/2019,16,24.63,46.72,86,6.93
Mecca,0,SA,08/24/2019,50,21.43,39.83,82.7,5.5
Jalu,0,LY,08/24/2019,55,29.03,21.55,76.15,10.65
Terrace,75,CA,08/24/2019,82,54.52,-128.61,60.8,13.87
Mahanoro,35,MG,08/24/2019,97,-19.9,48.8,61.08,2.17
Concarneau,75,FR,08/24/2019,100,47.88,-3.92,62.6,4.7
Sistranda,75,NO,08/24/2019,82,63.73,8.83,63,5.82
Uvalde,47,US,08/24/2019,83,29.21,-99.79,84,19.46
Vila do Maio,36,CV,08/24/2019,87,15.13,-23.22,76.53,8.23
Mwinilunga,27,ZM,08/24/2019,46,-11.73,24.43,55.25,8.03
Toledo,0,ES,08/24/2019,37,39.86,-4.02,77,6.64
Sioux City,1,US,08/24/2019,77,42.5,-96.41,69.8,11.41
Grand Gaube,75,MU,08/24/2019,88,-20.01,57.66,69.8,14.99
Nagycserkesz,93,HU,08/24/2019,88,47.96,21.55,68,8.05
San Rafael,0,AR,08/24/2019,45,-34.61,-68.33,56.82,4.63
Nizhniy Tsasuchey,100,RU,08/24/2019,93,50.52,115.13,58.71,6.29
Salacgriva,0,LV,08/24/2019,96,57.75,24.36,53.01,1.01
Wagar,59,US,08/24/2019,91,31.44,-87.99,81,3.22
Leh,0,IN,08/24/2019,46,34.16,77.58,47.21,0.89
Iaciara,2,BR,08/24/2019,42,-14.1,-46.63,71.49,2.15
Misratah,0,LY,08/24/2019,73,32.38,15.09,80.58,5.61
Mangrol,90,IN,08/24/2019,88,25.33,76.51,77,3.65
Warwick,0,US,08/24/2019,82,41.7,-71.42,64.99,9.17
Topolobampo,40,MX,08/24/2019,66,25.6,-109.05,87.01,4.7
Jacareacanga,100,BR,08/24/2019,63,-6.22,-57.76,77.55,1.68
Marakkanam,100,IN,08/24/2019,71,12.2,79.95,82.5,5.79
Aykhal,0,RU,08/24/2019,54,65.95,111.51,59,4.47
Bathsheba,40,BB,08/24/2019,78,13.22,-59.52,82.4,16.11
Lerici,0,IT,08/24/2019,88,44.07,9.91,77,4.7
Constitucion,90,MX,08/24/2019,63,23.99,-104.67,66.2,6.93
Livingston,1,US,08/24/2019,78,30.71,-94.93,84.99,6.93
Saint-Pierre,0,FR,08/24/2019,77,48.95,4.24,62.6,3.36
Barranca,100,PE,08/24/2019,91,-10.75,-77.76,58.22,11.3
Viedma,83,AR,08/24/2019,68,-40.81,-62.99,56.35,12.44
Half Moon Bay,5,US,08/24/2019,82,37.46,-122.43,78.01,11.41
Tooele,1,US,08/24/2019,22,40.53,-112.3,89.6,5.66
Mount Isa,0,AU,08/24/2019,13,-20.73,139.49,80.6,10.29
Sao Fidelis,11,BR,08/24/2019,97,-21.65,-41.75,61.66,0.49
Zeya,66,RU,08/24/2019,49,53.74,127.27,72.23,5.23
Muros,20,ES,08/24/2019,100,42.77,-9.06,64.99,2.24
Zhuanghe,0,CN,08/24/2019,47,39.7,122.97,77,1.99
Sobolevo,0,RU,08/24/2019,93,54.43,31.9,53.52,4.27
Tarakan,40,ID,08/24/2019,88,3.3,117.63,82.4,4.7
Brodina,0,RO,08/24/2019,93,47.88,25.43,60.01,3.09
Chimbote,66,PE,08/24/2019,93,-9.08,-78.59,59.16,10.94
Aguimes,0,ES,08/24/2019,83,27.91,-15.45,78.01,21.92
Sibu,75,MY,08/24/2019,88,2.29,111.83,78.8,6.93
Elizabeth City,90,US,08/24/2019,83,36.3,-76.22,73.99,6.93
Santa Catalina,100,UY,08/24/2019,85,-33.79,-57.49,50,9.31
Masindi,25,UG,08/24/2019,88,1.69,31.72,62.43,0.67
Khuzdar,0,PK,08/24/2019,41,27.8,66.62,77.05,3.8
Ambunti,89,PG,08/24/2019,53,-4.22,142.82,92.62,1.79
Wattegama,100,LK,08/24/2019,71,7.35,80.68,78.51,8.05
Belousovka,0,KZ,08/24/2019,87,50.13,82.52,55.4,2.48
Amguri,0,IN,08/24/2019,71,26.81,94.53,87.69,0.25
San Carlos de Bariloche,40,AR,08/24/2019,93,-41.13,-71.31,37.4,4.7
Bulgan,95,MN,08/24/2019,49,48.81,103.53,56.26,14.83
Khandbari,20,NP,08/24/2019,80,27.38,87.21,64.23,4.09
Khandyga,51,RU,08/24/2019,63,62.65,135.58,67.78,2.59
Gerash,0,IR,08/24/2019,47,27.67,54.14,78.8,3.24
Vao,54,EE,08/24/2019,93,59.1,26.19,52.32,4.23
Bama,96,CN,08/24/2019,59,24.14,107.25,88.35,4.09
Mandiana,100,GN,08/24/2019,97,10.62,-8.7,69.17,6.96
Auki,100,NG,08/24/2019,87,12.18,6.51,71.52,13.11
Gazojak,0,TM,08/24/2019,20,41.19,61.4,74.12,12.48
Lekoni,100,GA,08/24/2019,93,-1.58,14.26,69.09,5.37
Komsomolskiy,24,RU,08/24/2019,83,67.55,63.78,40.17,7.36
Svarstad,90,NO,08/24/2019,100,59.4,9.97,62.01,3.36
Lukovetskiy,75,RU,08/24/2019,93,64.29,41.92,44.6,4.47
Coquimbo,0,CL,08/24/2019,93,-29.95,-71.34,51.8,5.82
Undory,73,RU,08/24/2019,93,54.61,48.39,53.6,8.95
Atambua,0,ID,08/24/2019,72,-9.11,124.89,75.39,9.78
La Romana,40,DO,08/24/2019,83,18.43,-68.97,80.6,6.62
Dong Hoi,100,VN,08/24/2019,69,17.48,106.6,84.43,4.36
Saint-Augustin,5,CA,08/24/2019,77,45.63,-73.98,66.99,3.51
Tuatapere,100,NZ,08/24/2019,96,-46.13,167.69,46.99,4
Sitka,89,US,08/24/2019,70,37.17,-99.65,77,18.01
Kirksville,20,US,08/24/2019,64,40.19,-92.58,69.8,4.7
Mackay,75,CA,08/24/2019,76,53.65,-115.58,59,4.7
Winnemucca,1,US,08/24/2019,11,40.97,-117.74,95,14.99
Kargopol,69,RU,08/24/2019,96,61.51,38.95,48.9,6.24
Cascais,20,PT,08/24/2019,88,38.7,-9.42,66.99,5.82
Hashimoto,75,JP,08/24/2019,74,34.32,135.62,84.99,12.75
Arauca,75,VE,08/24/2019,100,7.08,-70.76,75.2,3.36
Nabinagar,75,BD,08/24/2019,83,23.88,90.97,82.4,8.05
Nokha,31,IN,08/24/2019,56,27.56,73.47,87.31,14.63
San Juan,0,AR,08/24/2019,41,-31.54,-68.53,49.2,1.57
Loudi,2,CN,08/24/2019,56,27.73,112,88.75,12.66
Gudari,100,IN,08/24/2019,85,19.34,83.79,77.43,1.72
Maua,58,KE,08/24/2019,81,0.23,37.94,47.94,6.42
Lomas de Sargentillo,0,EC,08/24/2019,73,-1.88,-80.08,75.2,10.29
Smithers,75,CA,08/24/2019,72,54.78,-127.17,60.8,4.79
Kibre Mengist,100,ET,08/24/2019,99,5.87,38.99,53.92,1.66
Matay,0,EG,08/24/2019,64,28.42,30.79,75.23,8.97
Oussouye,40,SN,08/24/2019,94,12.49,-16.54,78.8,2.24
Baniyas,0,SY,08/24/2019,83,35.18,35.94,75.2,4.7
Mapiripan,1,CO,08/24/2019,86,2.89,-72.13,73.36,4.32
Awjilah,0,LY,08/24/2019,70,29.14,21.3,74.22,12.19
Itapuranga,3,BR,08/24/2019,48,-15.56,-49.95,69.63,2.82
Kavaratti,100,IN,08/24/2019,78,10.57,72.64,81.62,19.77
Brynmawr,21,GB,08/24/2019,72,51.8,-3.17,64.99,4.7
Oak Harbor,1,US,08/24/2019,63,41.51,-83.15,69.01,7.27
Rome,0,IT,08/24/2019,64,41.89,12.48,75,4.7
Las Cruces,20,CL,08/24/2019,93,-33.5,-71.62,53.6,2.24
